{
  "version": 1,
  "duration": 32.444838,
  "command": null,
  "width": 197,
  "title": null,
  "height": 52,
  "stdout": [
    [
      1.384475,
      "hadley@linuxmc: $ "
    ],
    [
      0.68993,
      "p"
    ],
    [
      0.079516,
      "y"
    ],
    [
      0.042001,
      "t"
    ],
    [
      0.162888,
      "h"
    ],
    [
      0.125535,
      "o"
    ],
    [
      0.160742,
      "\u0007"
    ],
    [
      9.8e-05,
      "n"
    ],
    [
      0.629916,
      "3"
    ],
    [
      0.165811,
      "\u0007"
    ],
    [
      0.510311,
      " "
    ],
    [
      0.157946,
      "a"
    ],
    [
      0.123626,
      "l"
    ],
    [
      0.08614,
      "arme.py "
    ],
    [
      0.709548,
      "\r\n"
    ],
    [
      0.024337,
      "** Sistema de Alarme **"
    ],
    [
      8.8e-05,
      "\r\n"
    ],
    [
      8.6e-05,
      "\r\n"
    ],
    [
      0.000104,
      "Digite o valor do primeiro sensor: "
    ],
    [
      1.838508,
      "0"
    ],
    [
      0.298613,
      "\r\n"
    ],
    [
      0.000285,
      "Digite o valor do segundo sensor: "
    ],
    [
      1.347779,
      "0"
    ],
    [
      0.35742,
      "\r\n"
    ],
    [
      0.000191,
      "Digite o valor do terceiro sensor: "
    ],
    [
      0.55507,
      "0"
    ],
    [
      0.318312,
      "\r\n"
    ],
    [
      0.000268,
      "Alarme desligado"
    ],
    [
      8.4e-05,
      "\r\n"
    ],
    [
      0.004281,
      "hadley@linuxmc: $ "
    ],
    [
      1.184786,
      "\r\n"
    ],
    [
      0.000257,
      "hadley@linuxmc: $ "
    ],
    [
      0.160552,
      "\r\nhadley@linuxmc: $ "
    ],
    [
      0.199701,
      "\r\nhadley@linuxmc: $ "
    ],
    [
      0.44627,
      "python3 alarme.py "
    ],
    [
      1.583935,
      "\r\n"
    ],
    [
      0.023976,
      "** Sistema de Alarme **"
    ],
    [
      0.00011,
      "\r\n"
    ],
    [
      0.000103,
      "\r\n"
    ],
    [
      9.7e-05,
      "Digite o valor do primeiro sensor: "
    ],
    [
      2.076571,
      "1"
    ],
    [
      0.239223,
      "\r\n"
    ],
    [
      0.000199,
      "Digite o valor do segundo sensor: "
    ],
    [
      0.971199,
      "0"
    ],
    [
      0.318297,
      "\r\n"
    ],
    [
      0.000191,
      "Digite o valor do terceiro sensor: "
    ],
    [
      0.436294,
      "0"
    ],
    [
      0.318324,
      "\r\n"
    ],
    [
      0.000156,
      "Alarme ativado"
    ],
    [
      0.000127,
      "\r\n"
    ],
    [
      0.004823,
      "hadley@linuxmc: $ "
    ],
    [
      1.184524,
      "\r\n"
    ],
    [
      0.000222,
      "hadley@linuxmc: $ "
    ],
    [
      0.160265,
      "\r\nhadley@linuxmc: $ "
    ],
    [
      0.446265,
      "python3 alarme.py "
    ],
    [
      0.870416,
      "\r\n"
    ],
    [
      0.023993,
      "** Sistema de Alarme **"
    ],
    [
      9.1e-05,
      "\r\n"
    ],
    [
      9.4e-05,
      "\r\n"
    ],
    [
      0.000105,
      "Digite o valor do primeiro sensor: "
    ],
    [
      1.720011,
      "0"
    ],
    [
      0.31804,
      "\r\n"
    ],
    [
      0.000675,
      "Digite o valor do segundo sensor: "
    ],
    [
      0.435763,
      "1"
    ],
    [
      0.279036,
      "\r\n"
    ],
    [
      0.000225,
      "Digite o valor do terceiro sensor: "
    ],
    [
      0.713361,
      "0"
    ],
    [
      0.318242,
      "\r\n"
    ],
    [
      0.000216,
      "Alarme ativado"
    ],
    [
      8.3e-05,
      "\r\n"
    ],
    [
      0.007513,
      "hadley@linuxmc: $ "
    ],
    [
      0.666288,
      "\r\n"
    ],
    [
      0.000221,
      "hadley@linuxmc: $ "
    ],
    [
      0.16024,
      "\r\n"
    ],
    [
      0.000182,
      "hadley@linuxmc: $ "
    ],
    [
      0.386815,
      "python3 alarme.py "
    ],
    [
      0.830363,
      "\r\n"
    ],
    [
      0.024846,
      "** Sistema de Alarme **"
    ],
    [
      8.2e-05,
      "\r\n"
    ],
    [
      8.1e-05,
      "\r\n"
    ],
    [
      0.000115,
      "Digite o valor do primeiro sensor: "
    ],
    [
      0.926681,
      "0"
    ],
    [
      0.375075,
      "\r\n"
    ],
    [
      0.000243,
      "Digite o valor do segundo sensor: "
    ],
    [
      0.39893,
      "1"
    ],
    [
      0.239534,
      "\r\n"
    ],
    [
      0.000198,
      "Digite o valor do terceiro sensor: "
    ],
    [
      0.99094,
      "1"
    ],
    [
      0.991367,
      "\r\n"
    ],
    [
      0.000255,
      "Alarme ativado"
    ],
    [
      9.8e-05,
      "\r\n"
    ],
    [
      0.006574,
      "hadley@linuxmc: $ "
    ],
    [
      1.579,
      "e"
    ],
    [
      0.239684,
      "x"
    ],
    [
      0.039498,
      "i"
    ],
    [
      0.203474,
      "t"
    ],
    [
      0.160956,
      "\r\nexit\r\n"
    ]
  ],
  "env": {
    "SHELL": "/bin/bash",
    "TERM": "xterm"
  }
}