{
  "title": null,
  "env": {
    "SHELL": "/bin/bash",
    "TERM": "xterm"
  },
  "version": 1,
  "duration": 16.706069,
  "command": null,
  "width": 197,
  "stdout": [
    [
      0.046501,
      "bash: /home/hadley/.rvm/scripts/rvm: No such file or directory"
    ],
    [
      0.000106,
      "\r\n"
    ],
    [
      0.002666,
      "hadley@linuxmc: $ "
    ],
    [
      0.670304,
      "exit"
    ],
    [
      0.167464,
      "\b\b\b\bpython3 horario.py "
    ],
    [
      2.810512,
      "\r\n"
    ],
    [
      0.026808,
      "** Conversor de horario **"
    ],
    [
      8.2e-05,
      "\r\n"
    ],
    [
      0.000124,
      "Digite o horario: "
    ],
    [
      1.398945,
      "1"
    ],
    [
      0.475717,
      "\r\n13:00 - 13:45"
    ],
    [
      0.004974,
      "\r\nhadley@linuxmc: $ "
    ],
    [
      0.708662,
      "\r\nhadley@linuxmc: $ "
    ],
    [
      0.160134,
      "\r\nhadley@linuxmc: $ "
    ],
    [
      0.564302,
      "python3 horario.py "
    ],
    [
      0.3161,
      "\r\n"
    ],
    [
      0.021935,
      "** Conversor de horario **"
    ],
    [
      9.3e-05,
      "\r\n"
    ],
    [
      0.000134,
      "Digite o horario: "
    ],
    [
      1.126405,
      "4"
    ],
    [
      0.832118,
      "\r\n"
    ],
    [
      0.000207,
      "15:35 - 16:20"
    ],
    [
      6.7e-05,
      "\r\n"
    ],
    [
      0.004291,
      "hadley@linuxmc: $ "
    ],
    [
      1.461685,
      "\r\nhadley@linuxmc: $ "
    ],
    [
      0.160239,
      "\r\nhadley@linuxmc: $ "
    ],
    [
      0.248712,
      "python3 horario.py "
    ],
    [
      0.830221,
      "\r\n"
    ],
    [
      0.022373,
      "** Conversor de horario **"
    ],
    [
      7.6e-05,
      "\r\n"
    ],
    [
      9.9e-05,
      "Digite o horario: "
    ],
    [
      0.729868,
      "2"
    ],
    [
      0.039811,
      "0"
    ],
    [
      0.4042,
      "\r\nEntrada invalida"
    ],
    [
      0.000125,
      "\r\nhadley@linuxmc: $ "
    ],
    [
      1.995699,
      "\r\nhadley@linuxmc: $ "
    ],
    [
      0.199563,
      "e"
    ],
    [
      0.239427,
      "x"
    ],
    [
      0.039697,
      "i"
    ],
    [
      0.241734,
      "t"
    ],
    [
      0.753649,
      "\r\nexit\r\n"
    ]
  ],
  "height": 51
}