{
  "stdout": [
    [
      1.271452,
      "hadley@linuxmc: $ "
    ],
    [
      1.362539,
      "p"
    ],
    [
      0.093284,
      "y"
    ],
    [
      0.05549,
      "t"
    ],
    [
      0.167735,
      "h"
    ],
    [
      0.105658,
      "o"
    ],
    [
      0.079245,
      "n"
    ],
    [
      0.578153,
      "3"
    ],
    [
      0.294647,
      " "
    ],
    [
      0.195685,
      "p"
    ],
    [
      0.175712,
      "."
    ],
    [
      0.188461,
      "py "
    ],
    [
      1.680617,
      "\r\n"
    ],
    [
      0.03088,
      "Digite o primeiro numero: "
    ],
    [
      2.717558,
      "9"
    ],
    [
      0.20312,
      "0"
    ],
    [
      0.659926,
      "\r\n"
    ],
    [
      0.000417,
      "Digite o segundo numero: "
    ],
    [
      1.362155,
      "1"
    ],
    [
      0.268236,
      "2"
    ],
    [
      0.326434,
      "0"
    ],
    [
      1.731706,
      "\r\n"
    ],
    [
      0.000199,
      "O menor numero eh 90"
    ],
    [
      6.7e-05,
      "\r\n"
    ],
    [
      0.004946,
      "hadley@linuxmc: $ "
    ],
    [
      2.662421,
      "\r\n"
    ],
    [
      0.00027,
      "hadley@linuxmc: $ "
    ],
    [
      0.201607,
      "\r\n"
    ],
    [
      0.000219,
      "hadley@linuxmc: $ "
    ],
    [
      1.56248,
      "python3 p.py "
    ],
    [
      0.650184,
      "\r\n"
    ],
    [
      0.025805,
      "Digite o primeiro numero: "
    ],
    [
      3.437107,
      "4"
    ],
    [
      0.190011,
      "0"
    ],
    [
      0.681623,
      "\r\n"
    ],
    [
      0.000264,
      "Digite o segundo numero: "
    ],
    [
      0.975566,
      "3"
    ],
    [
      0.179375,
      "3"
    ],
    [
      0.846379,
      "\r\n"
    ],
    [
      0.000213,
      "O menor numero eh 33"
    ],
    [
      8.6e-05,
      "\r\n"
    ],
    [
      0.004974,
      "hadley@linuxmc: $ "
    ],
    [
      3.140203,
      "exit"
    ],
    [
      0.000106,
      "\r\n"
    ]
  ],
  "title": null,
  "env": {
    "TERM": "xterm",
    "SHELL": "/bin/bash"
  },
  "height": 24,
  "command": null,
  "duration": 28.115603,
  "version": 1,
  "width": 80
}