{
  "width": 80,
  "stdout": [
    [
      1.186487,
      "hadley@linuxmc: $ "
    ],
    [
      1.401303,
      "p"
    ],
    [
      0.079669,
      "y"
    ],
    [
      0.081678,
      "t"
    ],
    [
      0.202772,
      "h"
    ],
    [
      0.20024,
      "o"
    ],
    [
      0.754891,
      "n"
    ],
    [
      0.358673,
      "3"
    ],
    [
      0.200303,
      " "
    ],
    [
      0.118983,
      "o"
    ],
    [
      0.202759,
      "h"
    ],
    [
      0.085401,
      "m.py "
    ],
    [
      1.188565,
      "\r\n"
    ],
    [
      0.029814,
      "O que voce deseja calcular? "
    ],
    [
      3.823094,
      "s"
    ],
    [
      0.079543,
      "a"
    ],
    [
      1.55567,
      "\r\nVoce digitou uma opcao errada. As opcoes sao:\r\n  - resistencia\r\n  - voltagem\r\n  - corrente\r\n"
    ],
    [
      0.001031,
      "hadley@linuxmc: $ "
    ],
    [
      1.633511,
      "python3 ohm.py "
    ],
    [
      0.951817,
      "\r\n"
    ],
    [
      0.026409,
      "O que voce deseja calcular? "
    ],
    [
      4.382693,
      "r"
    ],
    [
      0.039599,
      "e"
    ],
    [
      0.283018,
      "s"
    ],
    [
      0.12004,
      "i"
    ],
    [
      0.094932,
      "s"
    ],
    [
      0.239996,
      "t"
    ],
    [
      0.040013,
      "e"
    ],
    [
      0.095059,
      "n"
    ],
    [
      0.196038,
      "c"
    ],
    [
      0.086278,
      "i"
    ],
    [
      0.117,
      "a"
    ],
    [
      2.662104,
      "\r\nDigite a voltagem: "
    ],
    [
      1.906242,
      "7"
    ],
    [
      1.033166,
      "\r\nDigite a corrente: "
    ],
    [
      1.668353,
      "0"
    ],
    [
      0.239851,
      "."
    ],
    [
      0.160968,
      "0"
    ],
    [
      0.121344,
      "1"
    ],
    [
      3.178321,
      "\r\nA resistencia eh de 700.0 ohms"
    ],
    [
      0.000179,
      "\r\n"
    ],
    [
      0.006936,
      "hadley@linuxmc: $ "
    ],
    [
      1.610987,
      "python3 ohm.py "
    ],
    [
      1.666827,
      "\r\n"
    ],
    [
      0.027823,
      "O que voce deseja calcular? "
    ],
    [
      2.116593,
      "v"
    ],
    [
      0.055096,
      "o"
    ],
    [
      0.202782,
      "l"
    ],
    [
      0.437512,
      "t"
    ],
    [
      0.160873,
      "a"
    ],
    [
      0.200235,
      "g"
    ],
    [
      0.169821,
      "e"
    ],
    [
      0.039822,
      "m"
    ],
    [
      1.920339,
      "\r\nDigite a corrente: "
    ],
    [
      2.046084,
      "0"
    ],
    [
      0.200224,
      "."
    ],
    [
      0.595767,
      "0"
    ],
    [
      0.160747,
      "0"
    ],
    [
      0.079848,
      "1"
    ],
    [
      1.551434,
      "\b \b"
    ],
    [
      1.152233,
      "\b \b"
    ],
    [
      0.279475,
      "1"
    ],
    [
      0.993424,
      "\r\nDigite a resistencia: "
    ],
    [
      1.390084,
      "7"
    ],
    [
      0.086365,
      "0"
    ],
    [
      0.117016,
      "0"
    ],
    [
      1.077636,
      "\r\nA voltagem eh de 7.0 volts\r\n"
    ],
    [
      0.000976,
      "hadley@linuxmc: $ "
    ],
    [
      3.092607,
      "\r\nhadley@linuxmc: $ "
    ],
    [
      0.161063,
      "\r\nhadley@linuxmc: $ "
    ],
    [
      0.446828,
      "python3 ohm.py "
    ],
    [
      1.071099,
      "\r\n"
    ],
    [
      0.026919,
      "O que voce deseja calcular? "
    ],
    [
      3.666328,
      "r"
    ],
    [
      0.040058,
      "e"
    ],
    [
      0.202629,
      "s"
    ],
    [
      0.086332,
      "i"
    ],
    [
      0.079932,
      "s"
    ],
    [
      0.20245,
      "t"
    ],
    [
      0.039749,
      "e"
    ],
    [
      0.088739,
      "n"
    ],
    [
      0.156461,
      "c"
    ],
    [
      0.040133,
      "i"
    ],
    [
      0.125844,
      "a"
    ],
    [
      1.827429,
      "\b \b"
    ],
    [
      0.503685,
      "\b \b"
    ],
    [
      0.033984,
      "\b \b"
    ],
    [
      0.033992,
      "\b \b"
    ],
    [
      0.033991,
      "\b \b"
    ],
    [
      0.034317,
      "\b \b"
    ],
    [
      0.035687,
      "\b \b"
    ],
    [
      0.033962,
      "\b \b"
    ],
    [
      0.034109,
      "\b \b"
    ],
    [
      0.034134,
      "\b \b"
    ],
    [
      0.033929,
      "\b \b"
    ],
    [
      0.878891,
      "c"
    ],
    [
      0.16089,
      "o"
    ],
    [
      0.121344,
      "r"
    ],
    [
      0.12124,
      "r"
    ],
    [
      0.079458,
      "e"
    ],
    [
      0.128193,
      "n"
    ],
    [
      0.075423,
      "t"
    ],
    [
      0.041991,
      "e"
    ],
    [
      0.598733,
      "\r\nDigite a voltagem: "
    ],
    [
      2.116201,
      "7"
    ],
    [
      0.913867,
      "\r\nDigite a resistencia: "
    ],
    [
      1.588913,
      "1"
    ],
    [
      0.079394,
      "0"
    ],
    [
      0.163314,
      "0"
    ],
    [
      0.999942,
      "\r\nA corrente eh de 0.07 amperes\r\nhadley@linuxmc: $ "
    ],
    [
      3.091839,
      "e"
    ],
    [
      0.239953,
      "x"
    ],
    [
      0.039845,
      "i"
    ],
    [
      0.20323,
      "t"
    ],
    [
      0.319014,
      "\r\nexit"
    ],
    [
      0.000139,
      "\r\n"
    ]
  ],
  "command": null,
  "height": 24,
  "version": 1,
  "env": {
    "SHELL": "/bin/bash",
    "TERM": "xterm"
  },
  "duration": 73.305998,
  "title": null
}