{
  "title": null,
  "height": 52,
  "command": null,
  "stdout": [
    [
      1.71223,
      "hadley@linuxmc: $ "
    ],
    [
      0.661948,
      "p"
    ],
    [
      0.119076,
      "y"
    ],
    [
      0.081615,
      "t"
    ],
    [
      0.123454,
      "h"
    ],
    [
      0.125304,
      "o"
    ],
    [
      0.075416,
      "n"
    ],
    [
      0.280988,
      "3"
    ],
    [
      0.160683,
      " "
    ],
    [
      0.119057,
      "r"
    ],
    [
      0.127498,
      "o"
    ],
    [
      0.126019,
      "bo.py "
    ],
    [
      0.744582,
      "\r\n"
    ],
    [
      0.058573,
      "Digite a coordenada x do robo: "
    ],
    [
      1.408655,
      "0"
    ],
    [
      0.318336,
      "\r\n"
    ],
    [
      0.000401,
      "Digite a coordenada y do robo: "
    ],
    [
      0.278608,
      "0"
    ],
    [
      0.674578,
      "\r\nDigite o comando: "
    ],
    [
      0.832513,
      "C"
    ],
    [
      0.597008,
      "\r\n\r\n"
    ],
    [
      0.000276,
      "Nova coordenada do robo: (0, 10)\r\n"
    ],
    [
      0.0067,
      "hadley@linuxmc: $ "
    ],
    [
      1.500204,
      "\r\n"
    ],
    [
      0.000229,
      "hadley@linuxmc: $ "
    ],
    [
      0.160402,
      "\r\n"
    ],
    [
      0.000193,
      "hadley@linuxmc: $ "
    ],
    [
      0.367148,
      "python3 robo.py "
    ],
    [
      0.514367,
      "\r\n"
    ],
    [
      0.029835,
      "Digite a coordenada x do robo: "
    ],
    [
      1.515668,
      "0"
    ],
    [
      0.991616,
      "\r\nDigite a coordenada y do robo: "
    ],
    [
      0.634537,
      "2"
    ],
    [
      0.03983,
      "0"
    ],
    [
      1.075502,
      "\r\nDigite o comando: "
    ],
    [
      1.107534,
      "B"
    ],
    [
      0.8762,
      "\r\n\r\n"
    ],
    [
      0.003046,
      "Nova coordenada do robo: (0, 10)\r\n"
    ],
    [
      0.00639,
      "hadley@linuxmc: $ "
    ],
    [
      2.488062,
      "\r\nhadley@linuxmc: $ "
    ],
    [
      0.121307,
      "\r\nhadley@linuxmc: $ "
    ],
    [
      0.802546,
      "python3 robo.py "
    ],
    [
      0.555134,
      "\r\n"
    ],
    [
      0.043742,
      "Digite a coordenada x do robo: "
    ],
    [
      1.7407,
      "1"
    ],
    [
      0.079206,
      "0"
    ],
    [
      0.756409,
      "\r\nDigite a coordenada y do robo: "
    ],
    [
      0.713683,
      "1"
    ],
    [
      0.039927,
      "0"
    ],
    [
      0.362474,
      "\r\nDigite o comando: "
    ],
    [
      1.109208,
      "D"
    ],
    [
      1.073325,
      "\r\n\r\n"
    ],
    [
      0.00327,
      "Nova coordenada do robo: (20, 10)"
    ],
    [
      9.6e-05,
      "\r\n"
    ],
    [
      0.002039,
      "hadley@linuxmc: $ "
    ],
    [
      1.144761,
      "\r\n"
    ],
    [
      0.000214,
      "hadley@linuxmc: $ "
    ],
    [
      0.121053,
      "\r\nhadley@linuxmc: $ "
    ],
    [
      0.604357,
      "python3 robo.py "
    ],
    [
      0.533466,
      "\r\n"
    ],
    [
      0.024568,
      "Digite a coordenada x do robo: "
    ],
    [
      1.561088,
      "1"
    ],
    [
      0.039766,
      "0"
    ],
    [
      0.320994,
      "\r\n"
    ],
    [
      0.000377,
      "Digite a coordenada y do robo: "
    ],
    [
      0.475547,
      "1"
    ],
    [
      0.039877,
      "0"
    ],
    [
      0.557747,
      "\r\n"
    ],
    [
      0.000188,
      "Digite o comando: "
    ],
    [
      0.555344,
      "E"
    ],
    [
      1.073157,
      "\r\n\r\n"
    ],
    [
      0.002797,
      "Nova coordenada do robo: (0, 10)\r\n"
    ],
    [
      0.001956,
      "hadley@linuxmc: $ "
    ],
    [
      1.780069,
      "e"
    ],
    [
      0.239593,
      "x"
    ],
    [
      0.039684,
      "i"
    ],
    [
      0.163121,
      "t"
    ],
    [
      0.162437,
      "\r\nexit\r\n"
    ]
  ],
  "width": 197,
  "duration": 36.790238,
  "env": {
    "SHELL": "/bin/bash",
    "TERM": "xterm"
  },
  "version": 1
}