{
  "env": {
    "TERM": "xterm",
    "SHELL": "/bin/bash"
  },
  "height": 24,
  "title": null,
  "width": 80,
  "version": 1,
  "command": null,
  "duration": 24.766414,
  "stdout": [
    [
      1.344029,
      "hadley@linuxmc: $ "
    ],
    [
      0.874657,
      "p"
    ],
    [
      0.115865,
      "y"
    ],
    [
      0.078987,
      "t"
    ],
    [
      0.168427,
      "h"
    ],
    [
      0.082055,
      "o"
    ],
    [
      0.094846,
      "n"
    ],
    [
      0.273985,
      "3"
    ],
    [
      0.144938,
      " "
    ],
    [
      0.133432,
      "c"
    ],
    [
      0.122485,
      "o"
    ],
    [
      0.113098,
      "\u0007"
    ],
    [
      0.642467,
      "r"
    ],
    [
      0.205449,
      "\u0007"
    ],
    [
      1.809448,
      "\b\u001b[K"
    ],
    [
      0.135002,
      "\b\u001b[K"
    ],
    [
      0.110335,
      "\b\u001b[K"
    ],
    [
      0.697215,
      "n"
    ],
    [
      0.106833,
      "u"
    ],
    [
      0.146213,
      "m"
    ],
    [
      0.15885,
      "e"
    ],
    [
      0.044548,
      "r"
    ],
    [
      0.120011,
      "o"
    ],
    [
      0.171659,
      "s"
    ],
    [
      0.158967,
      "."
    ],
    [
      0.196924,
      "p"
    ],
    [
      0.261896,
      "y"
    ],
    [
      0.80611,
      "\r\n"
    ],
    [
      0.020614,
      "Digite o numero: "
    ],
    [
      2.099432,
      "7"
    ],
    [
      0.623437,
      "\r\n"
    ],
    [
      0.000271,
      "CORRETO"
    ],
    [
      8.9e-05,
      "\r\n"
    ],
    [
      0.005239,
      "hadley@linuxmc: $ "
    ],
    [
      1.851128,
      "\r\n"
    ],
    [
      0.000203,
      "hadley@linuxmc: $ "
    ],
    [
      0.113533,
      "\r\nhadley@linuxmc: $ "
    ],
    [
      0.564181,
      "python3 numeros.py"
    ],
    [
      0.60206,
      "\r\n"
    ],
    [
      0.023348,
      "Digite o numero: "
    ],
    [
      1.62098,
      "9"
    ],
    [
      0.342248,
      "0"
    ],
    [
      0.614463,
      "\r\n"
    ],
    [
      0.000225,
      "ERRADO"
    ],
    [
      7e-05,
      "\r\n"
    ],
    [
      0.00445,
      "hadley@linuxmc: $ "
    ],
    [
      1.067661,
      "\r\n"
    ],
    [
      0.000198,
      "hadley@linuxmc: $ "
    ],
    [
      0.15057,
      "\r\nhadley@linuxmc: $ "
    ],
    [
      0.337223,
      "python3 numeros.py"
    ],
    [
      1.137626,
      "\r\n"
    ],
    [
      0.03553,
      "Digite o numero: "
    ],
    [
      1.374871,
      "1"
    ],
    [
      0.161731,
      "1"
    ],
    [
      0.540154,
      "\r\n"
    ],
    [
      0.000593,
      "CORRETO"
    ],
    [
      7.5e-05,
      "\r\n"
    ],
    [
      0.005814,
      "hadley@linuxmc: $ "
    ],
    [
      2.147146,
      "exit"
    ],
    [
      0.000109,
      "\r\n"
    ]
  ]
}