{
  "stdout": [
    [
      1.500837,
      "hadley@linuxmc: $ "
    ],
    [
      0.975388,
      "p"
    ],
    [
      0.177894,
      "y"
    ],
    [
      0.072032,
      "t"
    ],
    [
      0.159118,
      "h"
    ],
    [
      0.05925,
      "o"
    ],
    [
      0.155694,
      "n"
    ],
    [
      0.255399,
      "3"
    ],
    [
      0.1678,
      " "
    ],
    [
      0.150711,
      "p"
    ],
    [
      0.17297,
      "."
    ],
    [
      0.117197,
      "py "
    ],
    [
      0.934543,
      "\r\n"
    ],
    [
      0.039248,
      "Digite o primeiro numero: "
    ],
    [
      2.693856,
      "1"
    ],
    [
      0.720208,
      "\r\nDigite o segundo numero: "
    ],
    [
      1.736696,
      "5"
    ],
    [
      0.926595,
      "\r\nO maior numero eh 5"
    ],
    [
      0.003654,
      "\r\n"
    ],
    [
      0.005315,
      "hadley@linuxmc: $ "
    ],
    [
      1.574188,
      "\r\nhadley@linuxmc: $ "
    ],
    [
      0.118301,
      "\r\nhadley@linuxmc: $ "
    ],
    [
      0.662511,
      "python3 p.py "
    ],
    [
      1.801681,
      "\r\n"
    ],
    [
      0.026697,
      "Digite o primeiro numero: "
    ],
    [
      2.95974,
      "7"
    ],
    [
      1.220978,
      "\r\n"
    ],
    [
      0.000248,
      "Digite o segundo numero: "
    ],
    [
      3.159778,
      "2"
    ],
    [
      0.612602,
      "\r\n"
    ],
    [
      0.004643,
      "O maior numero eh 7\r\n"
    ],
    [
      0.000762,
      "hadley@linuxmc: $ "
    ],
    [
      2.768718,
      "exit"
    ],
    [
      0.001181,
      "\r\n"
    ]
  ],
  "env": {
    "TERM": "xterm",
    "SHELL": "/bin/bash"
  },
  "command": null,
  "version": 1,
  "title": null,
  "height": 24,
  "duration": 25.936707,
  "width": 80
}