{
  "command": null,
  "width": 80,
  "duration": 53.06309,
  "stdout": [
    [
      1.423265,
      "hadley@linuxmc: $ "
    ],
    [
      0.839019,
      "p"
    ],
    [
      0.160425,
      "y"
    ],
    [
      0.040004,
      "t"
    ],
    [
      0.163127,
      "h"
    ],
    [
      0.086161,
      "o"
    ],
    [
      0.116885,
      "n"
    ],
    [
      0.279156,
      "3"
    ],
    [
      0.160728,
      " "
    ],
    [
      0.079574,
      "p"
    ],
    [
      0.09048,
      "r"
    ],
    [
      0.12307,
      "o"
    ],
    [
      0.12711,
      "duto.py "
    ],
    [
      0.670747,
      "\r\n"
    ],
    [
      0.024575,
      "informe o primeiro produto: "
    ],
    [
      1.838106,
      "f"
    ],
    [
      0.121109,
      "o"
    ],
    [
      0.674571,
      "g"
    ],
    [
      0.321449,
      "ã"
    ],
    [
      0.086017,
      "o"
    ],
    [
      0.511508,
      "\r\ninforme o preco do primeiro produto: "
    ],
    [
      0.595101,
      "3"
    ],
    [
      0.199989,
      "5"
    ],
    [
      0.086114,
      "0"
    ],
    [
      0.551404,
      "\r\ninforme o primeiro produto: "
    ],
    [
      1.388587,
      "c"
    ],
    [
      0.160468,
      "a"
    ],
    [
      0.360324,
      "r"
    ],
    [
      0.200005,
      "r"
    ],
    [
      0.239693,
      "o"
    ],
    [
      0.674643,
      "\r\ninforme o preco do primeiro produto: "
    ],
    [
      0.912506,
      "4"
    ],
    [
      0.200355,
      "2"
    ],
    [
      0.594885,
      "0"
    ],
    [
      0.19999,
      "0"
    ],
    [
      0.200223,
      "0"
    ],
    [
      0.757653,
      "\r\nO produto mais caro eh: carro\r\n"
    ],
    [
      0.001837,
      "hadley@linuxmc: $ "
    ],
    [
      1.998043,
      "\r\n"
    ],
    [
      0.000246,
      "hadley@linuxmc: $ "
    ],
    [
      0.16049,
      "\r\nhadley@linuxmc: $ "
    ],
    [
      1.31884,
      "python3 produto.py "
    ],
    [
      0.474366,
      "\r\n"
    ],
    [
      0.024566,
      "informe o primeiro produto: "
    ],
    [
      2.19631,
      "c"
    ],
    [
      0.125044,
      "a"
    ],
    [
      0.120428,
      "s"
    ],
    [
      0.160678,
      "a"
    ],
    [
      0.875439,
      "\r\ninforme o preco do primeiro produto: "
    ],
    [
      1.269657,
      "2"
    ],
    [
      0.839984,
      "3"
    ],
    [
      0.278702,
      "0"
    ],
    [
      0.635094,
      "0"
    ],
    [
      0.239554,
      "0"
    ],
    [
      0.199951,
      "0"
    ],
    [
      0.793875,
      "\r\ninforme o primeiro produto: "
    ],
    [
      0.75382,
      "c"
    ],
    [
      0.118682,
      "a"
    ],
    [
      0.558027,
      "r"
    ],
    [
      0.129831,
      "r"
    ],
    [
      0.086109,
      "o"
    ],
    [
      0.70992,
      "\r\ninforme o preco do primeiro produto: "
    ],
    [
      1.150532,
      "4"
    ],
    [
      0.20028,
      "2"
    ],
    [
      0.121037,
      "0"
    ],
    [
      0.634949,
      "0"
    ],
    [
      0.160702,
      "0"
    ],
    [
      1.013809,
      "\r\nO produto mais caro eh: casa"
    ],
    [
      8.1e-05,
      "\r\nhadley@linuxmc: $ "
    ],
    [
      1.305131,
      "\r\nhadley@linuxmc: $ "
    ],
    [
      0.160733,
      "\r\nhadley@linuxmc: $ "
    ],
    [
      0.564958,
      "python3 produto.py "
    ],
    [
      0.713442,
      "\r\n"
    ],
    [
      0.027296,
      "informe o primeiro produto: "
    ],
    [
      2.232236,
      "l"
    ],
    [
      0.121404,
      "a"
    ],
    [
      0.125456,
      "p"
    ],
    [
      0.195755,
      "i"
    ],
    [
      0.754111,
      "s"
    ],
    [
      0.793487,
      "\r\ninforme o preco do primeiro produto: "
    ],
    [
      1.230047,
      "3"
    ],
    [
      0.239463,
      "."
    ],
    [
      0.279212,
      "7"
    ],
    [
      0.121074,
      "0"
    ],
    [
      1.269582,
      "\r\ninforme o primeiro produto: "
    ],
    [
      2.102566,
      "c"
    ],
    [
      0.07916,
      "a"
    ],
    [
      0.242075,
      "e"
    ],
    [
      0.436965,
      "\b \b"
    ],
    [
      0.318318,
      "n"
    ],
    [
      0.081754,
      "e"
    ],
    [
      0.555654,
      "t"
    ],
    [
      0.199957,
      "a"
    ],
    [
      0.476287,
      "\r\ninforme o preco do primeiro produto: "
    ],
    [
      0.79363,
      "3"
    ],
    [
      0.136631,
      "."
    ],
    [
      0.318322,
      "7"
    ],
    [
      0.121271,
      "0"
    ],
    [
      0.797449,
      "\r\nOs produtos tem o mesmo preço\r\n"
    ],
    [
      0.005569,
      "hadley@linuxmc: $ "
    ],
    [
      1.93492,
      "\r\nhadley@linuxmc: $ "
    ],
    [
      0.160578,
      "\r\nhadley@linuxmc: $ "
    ],
    [
      0.397256,
      "e"
    ],
    [
      0.200047,
      "x"
    ],
    [
      0.086014,
      "i"
    ],
    [
      0.116881,
      "t"
    ],
    [
      0.754497,
      "\r\n"
    ],
    [
      0.000336,
      "exit"
    ],
    [
      0.000123,
      "\r\n"
    ]
  ],
  "env": {
    "SHELL": "/bin/bash",
    "TERM": "xterm"
  },
  "title": null,
  "height": 24,
  "version": 1
}